{
  "id": "",
  "name": "",
  "font_family": "iconfont",
  "css_prefix_text": "icon-",
  "description": "",
  "glyphs": [
    {
      "icon_id": "476012",
      "name": "专题",
      "font_class": "zhuanti",
      "unicode": "e60e",
      "unicode_decimal": 58894
    },
    {
      "icon_id": "955903",
      "name": "客服",
      "font_class": "kefu",
      "unicode": "e662",
      "unicode_decimal": 58978
    },
    {
      "icon_id": "1778051",
      "name": "lajitong",
      "font_class": "lajitong",
      "unicode": "e64f",
      "unicode_decimal": 58959
    },
    {
      "icon_id": "2163308",
      "name": "优",
      "font_class": "you",
      "unicode": "e62f",
      "unicode_decimal": 58927
    },
    {
      "icon_id": "2460493",
      "name": "意见",
      "font_class": "yijian",
      "unicode": "e64a",
      "unicode_decimal": 58954
    },
    {
      "icon_id": "3068258",
      "name": "我的收藏",
      "font_class": "wodeshoucang",
      "unicode": "e659",
      "unicode_decimal": 58969
    },
    {
      "icon_id": "3628013",
      "name": "邀",
      "font_class": "yao",
      "unicode": "e641",
      "unicode_decimal": 58945
    },
    {
      "icon_id": "4451200",
      "name": "地址",
      "font_class": "dizhi",
      "unicode": "e61c",
      "unicode_decimal": 58908
    },
    {
      "icon_id": "5625155",
      "name": "V卡",
      "font_class": "cardV",
      "unicode": "e604",
      "unicode_decimal": 58884
    },
    {
      "icon_id": "5993470",
      "name": "优惠券",
      "font_class": "hz_youhuiquan-",
      "unicode": "e623",
      "unicode_decimal": 58915
    },
    {
      "icon_id": "6820872",
      "name": "订单",
      "font_class": "order",
      "unicode": "e543",
      "unicode_decimal": 58691
    },
    {
      "icon_id": "7165763",
      "name": "gou_wu_che",
      "font_class": "gou_wu_che2",
      "unicode": "e619",
      "unicode_decimal": 58905
    },
    {
      "icon_id": "8841347",
      "name": "红包",
      "font_class": "hongbao",
      "unicode": "e68e",
      "unicode_decimal": 59022
    },
    {
      "icon_id": "10076814",
      "name": "优选购",
      "font_class": "youxuangou",
      "unicode": "e601",
      "unicode_decimal": 58881
    },
    {
      "icon_id": "10355124",
      "name": "fangdajing",
      "font_class": "fangdajing",
      "unicode": "e715",
      "unicode_decimal": 59157
    },
    {
      "icon_id": "10899721",
      "name": "leimupinleifenleileibie",
      "font_class": "leimupinleifenleileibie",
      "unicode": "e62b",
      "unicode_decimal": 58923
    },
    {
      "icon_id": "10976406",
      "name": "shouye",
      "font_class": "shouye",
      "unicode": "e613",
      "unicode_decimal": 58899
    },
    {
      "icon_id": "11215625",
      "name": "wode",
      "font_class": "wode",
      "unicode": "e626",
      "unicode_decimal": 58918
    },
    {
      "icon_id": "12608032",
      "name": "账户安全",
      "font_class": "zhanghuanquan",
      "unicode": "e6dc",
      "unicode_decimal": 59100
    },
    {
      "icon_id": "13324167",
      "name": "拼单订单",
      "font_class": "pindandingdan",
      "unicode": "e544",
      "unicode_decimal": 58692
    }
  ]
}
