{
  "id": "",
  "name": "",
  "font_family": "iconfont",
  "css_prefix_text": "icon-",
  "description": "",
  "glyphs": [
    {
      "icon_id": "713377",
      "name": "tv",
      "font_class": "tv",
      "unicode": "e616",
      "unicode_decimal": 58902
    },
    {
      "icon_id": "716048",
      "name": "音乐",
      "font_class": "yinle",
      "unicode": "e644",
      "unicode_decimal": 58948
    },
    {
      "icon_id": "720962",
      "name": "我的",
      "font_class": "xiazai4",
      "unicode": "e604",
      "unicode_decimal": 58884
    },
    {
      "icon_id": "886993",
      "name": "右箭头",
      "font_class": "youjiantou",
      "unicode": "e630",
      "unicode_decimal": 58928
    },
    {
      "icon_id": "1032410",
      "name": "星星",
      "font_class": "xingxing",
      "unicode": "e642",
      "unicode_decimal": 58946
    },
    {
      "icon_id": "1283156",
      "name": "下载",
      "font_class": "xiazai",
      "unicode": "e683",
      "unicode_decimal": 59011
    },
    {
      "icon_id": "2862644",
      "name": "三角形",
      "font_class": "sanjiaoxing",
      "unicode": "e645",
      "unicode_decimal": 58949
    },
    {
      "icon_id": "6469782",
      "name": "暂停",
      "font_class": "zanting",
      "unicode": "e619",
      "unicode_decimal": 58905
    },
    {
      "icon_id": "10780734",
      "name": "暂停",
      "font_class": "zanting1",
      "unicode": "e667",
      "unicode_decimal": 58983
    }
  ]
}
